,M2_USA,M3_EU,M3_UK,M2_JP
brent,0.03304801205296207,-1.0889103213094773,2.750872579117621,-3.362881442650905
wti,-0.2262308760793845,-1.0750841761051524,2.7017016353655645,-2.773388332380605
natgas_us,-0.7609343107372597,0.32456380292680725,0.6670431496599125,-0.5621349542542505
wheat,3.4441106269265243,-2.7423614193138737,1.5874664088335297,-8.48000910374751
corn,3.399565347050986,-2.89029715468873,1.7914657761302326,-8.233724038683622
copper,1.201873213403172,-1.910734373920035,2.7423284603482907,-4.675174958197222
aluminum,-0.47459514608674075,-1.0603063187891588,1.4888676439601762,0.05862751699885824
iron_ore,2.3325468474838957,-4.35893498330135,5.110084659734503,-8.607533055359928
